name, age, address, email, ccnumber
Francis Ortiz,57,49 Puhij Extension,jutewan@apusus.ae,6210353319510984
Earl Sutton,62,1516 Fotpo Path,mukpi@jum.ms,201498301080092
Lenora Frazier,64,1201 Dewe Parkway,rot@okure.cc,4903164253184455
Todd Ross,49,97 Puir Square,otiecmeb@ocitona.vi,6379496806263950
Minnie Gonzales,34,843 Obute Heights,lav@taow.sn,5147834831793448
Ronnie Ray,57,1770 Lona Parkway,ku@uwjizaw.dk,6011046779859500
Hallie Sanders,23,116 Burfo Boulevard,sucze@feshazok.aw,349392219702413
Luke Gross,58,224 Finowa Trail,becmi@vi.vn,5192477039651663
Inez Little,63,1906 Sujli Circle,sanah@pi.sn,6372262292277970
Jonathan Mendoza,58,1672 Esume Extension,rab@needi.no,5133177463035142
Edgar Parker,26,817 Zonrob Plaza,ed@os.ge,6299451881471553
Brian Lane,18,133 Rigo Highway,wokbutde@jonuena.tk,6304043770034825
Dean Leonard,29,1304 Resoh Trail,pauc@kapme.gy,4026001745134056
Olga Gomez,54,1034 Kemebi Way,atkanah@dires.cn,3528126070276258
Edward Lee,45,602 Ebca Road,mehtuzova@vuvgowfav.ht,6299255128670194
Cecilia May,40,1363 Jedebi Grove,hit@zulav.cf,4256652687098427
Louisa Byrd,47,517 Rire Square,bajciav@jaz.gr,6334774945761009
Verna Schneider,27,1644 Mejak Circle,da@wuitizo.td,6304479100217260
Cornelia French,43,449 Jovaj Path,bijsez@ojafar.ie,6243744498360244
Lulu Jennings,28,1989 Fufji Path,ba@tivazuraz.mt,5456662119779143
Patrick Gardner,32,1372 Owutu Grove,af@gozpen.tm,6304632385333208
Gussie Ray,25,818 Luza Grove,puotu@is.tf,30052536660256
Mike Norman,57,1951 Bepur Glen,lub@aza.gov,3528325466601059
Derek Nelson,39,1558 Oleluz River,wadi@hetof.bo,4026512437971316
Chester Howell,53,582 Dodo Avenue,zidowu@vimarla.ua,30056767033034
Tyler Jefferson,55,1775 Siroz Center,jaguli@vigojlo.mc,6011465830053467
Sadie Murphy,21,817 Fektu Pass,jit@coljudo.pk,5145787464733986
Roy Henry,48,234 Bufop Extension,guvokwid@cujvik.is,4903932817420825
Eleanor Sharp,37,1110 Bipud Manor,lot@gi.bv,6334198937607162
Susie Benson,43,1968 Mahul Road,fuw@canirvow.is,5460713523533768
Alice Shelton,35,1859 Wuini Parkway,ulorabar@afowub.bt,5018058601320937
Irene Fox,56,1952 Bufpad Glen,dazkeme@nenama.cg,4835268029096258
Justin Soto,35,377 Huvat Square,vu@poleus.bj,5195051027772968
Evelyn Myers,42,483 Tupon Ridge,af@ripe.ml,6011349521084678
Isaiah Armstrong,38,497 Fici Lane,adjupwiz@hobuv.im,348616773530229
Andre Harrington,18,1741 Emobu Lane,bo@hijrudi.cv,36937662767897
Amelia Floyd,22,409 Odaohe Boulevard,ev@jec.ki,5018525232254586
Marie Rose,45,945 Wuthek Court,pesnic@mupkeono.bj,30021714245859
Vincent Walton,27,1374 Upife Loop,mi@le.aw,6251788010853524
Eliza Wright,45,1837 Cofa Road,wonwufso@fafih.sl,6334705072900838
Isaac Nguyen,61,320 Fibub Boulevard,wapsava@iw.gs,340874083842994
Mary Todd,28,1536 Uwida Heights,ewu@ted.sa,201419370174830
Adelaide Phelps,30,765 Tahwu Way,veda@mebof.bf,30081926551270
Louise George,23,1144 Supif Path,natwo@evimsok.hk,6334975311595547
Earl Evans,49,346 Bela Heights,jop@rev.pw,5475368355203791
Aiden Harris,64,1701 Touge Pike,vupo@vopon.by,4026722255879356
Hilda Parker,62,486 Dican Place,oziabu@tecemaz.cf,6304221747969428
Eunice Bell,19,1028 Kulje Pass,zolefu@parojmep.mt,5018583572079527
Rosetta Aguilar,31,332 Wizwad Drive,dih@unjov.lb,6260195832979777
Edna Colon,54,939 Rijad Manor,la@geffe.nu,6377462235056680
Jacob Waters,47,1007 Lira Court,fiffoub@maoci.tf,36041788746974
Annie Stevenson,24,1010 Neaju Circle,iwulbi@mu.ky,4903805170344255
Mae Greene,20,1372 Ecavad Street,vigen@wewgub.vu,6239705827378153
Sophie Bishop,26,1318 Lugban Center,rodoh@ki.bj,36295992879860
Isabelle Norton,50,1828 Konub Manor,nuecer@moif.tp,5018096193797591
Belle Gutierrez,38,1298 Muda Center,jin@tolab.bz,5610449773026141
Bettie Barnett,23,1980 Wihe Court,zawwi@zimul.vu,343750367267388
Jorge Strickland,42,1412 Lojus Path,wul@cuhuv.lb,5018625132075378
Alta Paul,34,246 Ogwo Path,feefute@fipo.pm,30053563437626
Curtis Mills,36,1055 Rodus River,vufkag@vul.mw,6011619573174605
Benjamin Rogers,41,444 Riso Plaza,fevoc@eseorro.nu,36708862047616
James Adams,54,1975 Mazdu Park,ezo@pacno.aw,4026254611114716
Thomas Valdez,54,1225 Roroze Junction,izdemnet@povpa.cf,6374982340181183
Mollie White,19,241 Fahig Circle,mikmev@wis.ch,4984089668802726
Brett Cook,34,1493 Acto Glen,hem@dewtu.la,5189996069584234
Mason Simon,19,675 Tersi Square,ruvaw@fubudi.cl,6334519633485134
Justin Hunter,63,1232 Tago Loop,teriw@ozda.si,4505530209977915
Brent Guzman,38,717 Sepse View,pi@vafmid.ao,30047031465169
Beulah Mullins,43,1736 Divvol Heights,vok@to.kn,3528339085998127
Jordan Simpson,42,47 Jajmi Grove,dak@lufju.mh,201421527249085
Don Reid,52,710 Dije Avenue,rul@riv.cx,4903780095456312
Jacob Oliver,57,401 Tibma Key,koba@mothuw.et,6304210227043614
Roxie Cohen,22,1845 Buluw Plaza,jufow@vokjub.uy,4026985650125424
Teresa Rose,52,1871 Reovi Trail,zaomav@jeopohe.bh,4538380952014362
Iva Chapman,20,1647 Johcum Pike,raswijbe@famnerdam.mm,343478367210071
Elva Wise,32,214 Paffuj Terrace,akasovu@luto.mp,36581726768747
Ophelia Goodwin,53,1302 Bakef Heights,bomovul@gubdaciti.su,6304307430523653
Martha Kim,36,875 Sisuf Park,uk@mehebut.mc,3528577088468487
Nell Delgado,19,1644 Fipe Junction,muh@cokazbi.ga,3528816248979102
Bessie Allen,41,1812 Anpom Path,pogpulbo@ho.pf,5477526618258690
Sadie Sparks,38,198 Jepu Avenue,wo@uc.lk,6376835704569716
William Parsons,52,1361 Cagka Turnpike,cankuhjo@ezukeh.co.uk,4495990463163242
Kevin Wagner,36,281 Urefat River,widje@eden.ao,346336510493316
Jerome Howell,40,990 Seuj Center,aha@fipnimbu.bv,4527627766008409
Eliza Gilbert,30,1386 Divda Key,heg@funonbug.nr,30027054548398
Sam Hanson,54,523 Duab Park,azi@depe.do,5128472481476015
Dominic Taylor,40,1938 Mohse Square,hin@ubimol.mx,6011034778593106
Rosetta Hunt,41,1684 Resrob View,iwkiej@la.mt,201482395186759
Mina Palmer,25,196 Jabuz Point,ne@didobli.zw,30017657310395
Owen Vargas,53,1721 Dibmi Parkway,gaz@tobuk.md,348825716941126
Frances Santiago,65,1149 Tosnob Boulevard,cowpo@od.ki,201445463293112
Kenneth Bush,49,1279 Deaw Avenue,cafpor@uv.ag,6372271931906634
Patrick Ballard,54,1375 Ivaur Junction,wojelo@gadociz.fj,6334610423165414
Blake Henry,43,811 Leksoj Junction,povob@igace.tn,30040655321701
Calvin Fitzgerald,39,1926 Husca Point,ocuwicop@funbevdal.uk,4903809859764098
Franklin Rhodes,33,1301 Sarke Manor,dibi@onba.nu,346427219542162
Lydia McGuire,25,801 Tevbik Parkway,apaufbo@cab.am,6372289847224678
Trevor Kennedy,40,730 Siiz Court,babe@bondofdi.uy,6334695109296559
Evelyn Dennis,59,947 Cibguh Park,lojoskec@seh.sz,5018186983006111
Jesus Mendoza,55,1172 Vetu Mill,hukume@vuwaisi.za,343674960655627
